customer_id,customer_name,email,phone,address,total_purchases,total_spent,loyalty_points,average_order_value
C0001,Customer 1,customer1@example.com,9983088169,Address 1,76,712,4394,226
C0002,Customer 2,customer2@example.com,9970382958,Address 2,31,9118,1587,478
C0003,Customer 3,customer3@example.com,9947058957,Address 3,81,7867,492,220
C0004,Customer 4,customer4@example.com,9966620863,Address 4,41,6465,3503,410
C0005,Customer 5,customer5@example.com,9950349914,Address 5,82,2705,212,357
C0006,Customer 6,customer6@example.com,9922300772,Address 6,89,7941,1436,232
C0007,Customer 7,customer7@example.com,9903711909,Address 7,2,4007,2433,373
C0008,Customer 8,customer8@example.com,9946691957,Address 8,38,1482,1721,420
C0009,Customer 9,customer9@example.com,9923070998,Address 9,85,2082,2555,168
C0010,Customer 10,customer10@example.com,9943642358,Address 10,66,4090,1769,230
C0011,Customer 11,customer11@example.com,9944166105,Address 11,98,3577,1357,362
C0012,Customer 12,customer12@example.com,9902738148,Address 12,82,3400,2208,250
C0013,Customer 13,customer13@example.com,9912247337,Address 13,26,8755,2252,449
C0014,Customer 14,customer14@example.com,9911545160,Address 14,31,6522,4846,401
C0015,Customer 15,customer15@example.com,9916365527,Address 15,60,9102,741,140
C0016,Customer 16,customer16@example.com,9968598987,Address 16,98,3659,1047,460
C0017,Customer 17,customer17@example.com,9907561794,Address 17,71,8422,33,188
C0018,Customer 18,customer18@example.com,9929019973,Address 18,38,1517,3833,126
C0019,Customer 19,customer19@example.com,9985479646,Address 19,87,8153,4581,36
C0020,Customer 20,customer20@example.com,9998892285,Address 20,27,6435,3421,352
C0021,Customer 21,customer21@example.com,9922660735,Address 21,71,5924,3635,325
C0022,Customer 22,customer22@example.com,9971542136,Address 22,95,4260,4221,186
C0023,Customer 23,customer23@example.com,9996517143,Address 23,46,7969,1008,464
C0024,Customer 24,customer24@example.com,9940648332,Address 24,7,2061,525,47
C0025,Customer 25,customer25@example.com,9985999876,Address 25,83,2728,807,480
C0026,Customer 26,customer26@example.com,9943934269,Address 26,84,4282,471,309
C0027,Customer 27,customer27@example.com,9995720159,Address 27,42,9869,3961,39
C0028,Customer 28,customer28@example.com,9953854044,Address 28,47,4594,6,325
C0029,Customer 29,customer29@example.com,9912027494,Address 29,91,976,3281,54
C0030,Customer 30,customer30@example.com,9946280156,Address 30,41,5701,2738,450
C0031,Customer 31,customer31@example.com,9942191781,Address 31,74,3242,3159,25
C0032,Customer 32,customer32@example.com,9958455742,Address 32,93,5902,2680,141
C0033,Customer 33,customer33@example.com,9926009490,Address 33,52,2396,463,216
C0034,Customer 34,customer34@example.com,9953358120,Address 34,22,8835,1635,327
C0035,Customer 35,customer35@example.com,9983623161,Address 35,15,7233,4755,162
C0036,Customer 36,customer36@example.com,9977415989,Address 36,96,6793,2333,359
C0037,Customer 37,customer37@example.com,9960830756,Address 37,31,693,1353,401
C0038,Customer 38,customer38@example.com,9917335695,Address 38,69,4683,97,296
C0039,Customer 39,customer39@example.com,9955571689,Address 39,78,7948,2603,444
C0040,Customer 40,customer40@example.com,9956048738,Address 40,37,6639,155,198
C0041,Customer 41,customer41@example.com,9981670942,Address 41,22,427,4521,193
C0042,Customer 42,customer42@example.com,9983526467,Address 42,55,3586,4782,40
C0043,Customer 43,customer43@example.com,9957870800,Address 43,81,3778,1455,163
C0044,Customer 44,customer44@example.com,9980627607,Address 44,37,1297,1130,79
C0045,Customer 45,customer45@example.com,9930792912,Address 45,89,6414,52,372
C0046,Customer 46,customer46@example.com,9995498368,Address 46,88,7966,3499,336
C0047,Customer 47,customer47@example.com,9995716795,Address 47,86,8366,1208,409
C0048,Customer 48,customer48@example.com,9934299774,Address 48,48,2013,3474,213
C0049,Customer 49,customer49@example.com,9950813018,Address 49,79,2698,4975,360
C0050,Customer 50,customer50@example.com,9984791472,Address 50,22,1862,3352,453
C0051,Customer 51,customer51@example.com,9976766545,Address 51,62,2122,454,373
C0052,Customer 52,customer52@example.com,9911729416,Address 52,51,9852,3782,439
C0053,Customer 53,customer53@example.com,9999861313,Address 53,96,5930,4488,321
C0054,Customer 54,customer54@example.com,9954725243,Address 54,20,8055,4887,258
C0055,Customer 55,customer55@example.com,9922860942,Address 55,98,4515,1872,321
C0056,Customer 56,customer56@example.com,9917895810,Address 56,58,4193,1974,494
C0057,Customer 57,customer57@example.com,9986882655,Address 57,95,383,3960,307
C0058,Customer 58,customer58@example.com,9982985443,Address 58,29,4840,2451,224
C0059,Customer 59,customer59@example.com,9992955490,Address 59,17,1553,4835,143
C0060,Customer 60,customer60@example.com,9924340552,Address 60,47,8966,1585,81
C0061,Customer 61,customer61@example.com,9904198540,Address 61,65,5825,2367,249
C0062,Customer 62,customer62@example.com,9976031176,Address 62,66,4420,3143,30
C0063,Customer 63,customer63@example.com,9933196983,Address 63,16,506,2638,35
C0064,Customer 64,customer64@example.com,9905724906,Address 64,38,6273,4329,394
C0065,Customer 65,customer65@example.com,9932598452,Address 65,72,2141,358,467
C0066,Customer 66,customer66@example.com,9973327673,Address 66,71,8402,2240,264
C0067,Customer 67,customer67@example.com,9940596452,Address 67,22,758,574,45
C0068,Customer 68,customer68@example.com,9907552857,Address 68,89,4236,4147,187
C0069,Customer 69,customer69@example.com,9959406429,Address 69,71,2839,4621,314
C0070,Customer 70,customer70@example.com,9913103624,Address 70,8,8942,80,72
C0071,Customer 71,customer71@example.com,9918928520,Address 71,61,4859,192,152
C0072,Customer 72,customer72@example.com,9984567349,Address 72,57,8611,3969,480
C0073,Customer 73,customer73@example.com,9917352606,Address 73,70,4495,2386,149
C0074,Customer 74,customer74@example.com,9925750305,Address 74,69,1633,4540,118
C0075,Customer 75,customer75@example.com,9931727210,Address 75,53,3567,4794,383
C0076,Customer 76,customer76@example.com,9972478500,Address 76,14,8288,3959,349
C0077,Customer 77,customer77@example.com,9935945927,Address 77,49,3067,3748,488
C0078,Customer 78,customer78@example.com,9997350409,Address 78,18,6736,346,446
C0079,Customer 79,customer79@example.com,9917882262,Address 79,17,2392,1268,395
C0080,Customer 80,customer80@example.com,9939798586,Address 80,66,4050,2624,13
C0081,Customer 81,customer81@example.com,9918155956,Address 81,76,6401,4361,185
C0082,Customer 82,customer82@example.com,9990250111,Address 82,57,6681,3841,55
C0083,Customer 83,customer83@example.com,9915048163,Address 83,90,1971,1731,142
C0084,Customer 84,customer84@example.com,9935389756,Address 84,3,2388,1542,144
C0085,Customer 85,customer85@example.com,9976798754,Address 85,45,4253,4329,83
C0086,Customer 86,customer86@example.com,9948533941,Address 86,29,4671,1246,464
C0087,Customer 87,customer87@example.com,9998676930,Address 87,14,1646,1992,379
C0088,Customer 88,customer88@example.com,9936491311,Address 88,66,1255,2174,310
C0089,Customer 89,customer89@example.com,9979938356,Address 89,56,8742,1089,497
C0090,Customer 90,customer90@example.com,9945565147,Address 90,59,5176,3865,220
C0091,Customer 91,customer91@example.com,9971021205,Address 91,31,3452,348,401
C0092,Customer 92,customer92@example.com,9922961793,Address 92,62,6309,1501,317
C0093,Customer 93,customer93@example.com,9913167567,Address 93,71,2115,100,191
C0094,Customer 94,customer94@example.com,9938914020,Address 94,60,3243,3941,238
C0095,Customer 95,customer95@example.com,9938403504,Address 95,35,3015,441,164
C0096,Customer 96,customer96@example.com,9998180605,Address 96,5,7872,467,377
C0097,Customer 97,customer97@example.com,9946278049,Address 97,64,2986,3685,53
C0098,Customer 98,customer98@example.com,9909184112,Address 98,78,3607,1021,380
C0099,Customer 99,customer99@example.com,9983917258,Address 99,95,637,617,259
C0100,Customer 100,customer100@example.com,9932130447,Address 100,88,759,926,467
C0101,Customer 101,customer101@example.com,9934953793,Address 101,61,1416,2845,326
C0102,Customer 102,customer102@example.com,9966801278,Address 102,52,7379,4614,348
C0103,Customer 103,customer103@example.com,9906052901,Address 103,38,3182,2121,56
C0104,Customer 104,customer104@example.com,9936372527,Address 104,20,3252,1393,41
C0105,Customer 105,customer105@example.com,9993769929,Address 105,28,4979,2319,10
C0106,Customer 106,customer106@example.com,9924776504,Address 106,40,720,2791,490
C0107,Customer 107,customer107@example.com,9932994976,Address 107,50,2765,3266,499
C0108,Customer 108,customer108@example.com,9920433450,Address 108,89,4948,4204,201
C0109,Customer 109,customer109@example.com,9941426382,Address 109,6,5137,4626,181
C0110,Customer 110,customer110@example.com,9947858798,Address 110,84,3882,192,483
C0111,Customer 111,customer111@example.com,9911749778,Address 111,74,8945,2508,419
C0112,Customer 112,customer112@example.com,9992700153,Address 112,66,8358,2531,415
C0113,Customer 113,customer113@example.com,9920358758,Address 113,46,5497,3669,397
C0114,Customer 114,customer114@example.com,9961613582,Address 114,77,8634,102,303
C0115,Customer 115,customer115@example.com,9940403957,Address 115,45,3668,2527,278
C0116,Customer 116,customer116@example.com,9977551164,Address 116,84,7915,2868,340
C0117,Customer 117,customer117@example.com,9933349350,Address 117,20,9306,1689,288
C0118,Customer 118,customer118@example.com,9951570093,Address 118,20,3598,451,398
C0119,Customer 119,customer119@example.com,9939495201,Address 119,70,2465,1254,496
C0120,Customer 120,customer120@example.com,9919989983,Address 120,61,8014,3434,375
C0121,Customer 121,customer121@example.com,9968831230,Address 121,70,4236,2659,437
C0122,Customer 122,customer122@example.com,9956934165,Address 122,78,5260,4810,141
C0123,Customer 123,customer123@example.com,9992539607,Address 123,92,3499,161,411
C0124,Customer 124,customer124@example.com,9998430664,Address 124,48,6296,3361,340
C0125,Customer 125,customer125@example.com,9981293501,Address 125,74,2145,41,38
C0126,Customer 126,customer126@example.com,9934964022,Address 126,32,6713,4731,124
C0127,Customer 127,customer127@example.com,9954110043,Address 127,60,8761,364,489
C0128,Customer 128,customer128@example.com,9900243750,Address 128,32,4804,3308,455
C0129,Customer 129,customer129@example.com,9927396718,Address 129,23,207,4609,29
C0130,Customer 130,customer130@example.com,9955942100,Address 130,11,394,529,392
C0131,Customer 131,customer131@example.com,9906270147,Address 131,62,2898,1996,197
C0132,Customer 132,customer132@example.com,9936856338,Address 132,8,5117,4401,225
C0133,Customer 133,customer133@example.com,9950494350,Address 133,99,962,640,354
C0134,Customer 134,customer134@example.com,9901494665,Address 134,58,8989,679,228
C0135,Customer 135,customer135@example.com,9944328767,Address 135,43,4227,1863,304
C0136,Customer 136,customer136@example.com,9940038470,Address 136,99,3242,1958,255
C0137,Customer 137,customer137@example.com,9939872672,Address 137,74,4685,3683,476
C0138,Customer 138,customer138@example.com,9921989436,Address 138,73,5463,4390,285
C0139,Customer 139,customer139@example.com,9917794978,Address 139,76,2654,2647,139
C0140,Customer 140,customer140@example.com,9954817418,Address 140,66,3539,1055,121
C0141,Customer 141,customer141@example.com,9963114226,Address 141,35,6844,2575,145
C0142,Customer 142,customer142@example.com,9931812689,Address 142,56,3628,1346,303
C0143,Customer 143,customer143@example.com,9965122875,Address 143,5,3080,329,419
C0144,Customer 144,customer144@example.com,9997496911,Address 144,24,4556,1280,208
C0145,Customer 145,customer145@example.com,9995493142,Address 145,30,4036,2281,374
C0146,Customer 146,customer146@example.com,9925712556,Address 146,26,7712,1320,243
C0147,Customer 147,customer147@example.com,9948777923,Address 147,55,4724,4036,178
C0148,Customer 148,customer148@example.com,9936744649,Address 148,43,4214,4110,31
C0149,Customer 149,customer149@example.com,9939540405,Address 149,7,6870,568,166
C0150,Customer 150,customer150@example.com,9911746599,Address 150,75,3444,4477,255
C0151,Customer 151,customer151@example.com,9956405402,Address 151,78,7693,4188,308
C0152,Customer 152,customer152@example.com,9926840024,Address 152,64,3061,798,477
C0153,Customer 153,customer153@example.com,9984685006,Address 153,39,537,1278,90
C0154,Customer 154,customer154@example.com,9928954113,Address 154,58,224,2402,488
C0155,Customer 155,customer155@example.com,9961934999,Address 155,55,9759,3392,273
C0156,Customer 156,customer156@example.com,9922102299,Address 156,98,4610,1586,383
C0157,Customer 157,customer157@example.com,9923272008,Address 157,71,5947,1127,27
C0158,Customer 158,customer158@example.com,9966426648,Address 158,26,9363,4581,438
C0159,Customer 159,customer159@example.com,9962188713,Address 159,80,5548,752,172
C0160,Customer 160,customer160@example.com,9919649896,Address 160,20,9351,368,225
C0161,Customer 161,customer161@example.com,9934770998,Address 161,49,2465,4343,226
C0162,Customer 162,customer162@example.com,9942309687,Address 162,88,7618,757,487
C0163,Customer 163,customer163@example.com,9957090906,Address 163,7,9874,4381,434
C0164,Customer 164,customer164@example.com,9921606406,Address 164,19,8955,168,354
C0165,Customer 165,customer165@example.com,9935664022,Address 165,96,8458,140,297
C0166,Customer 166,customer166@example.com,9902384675,Address 166,97,8921,1500,54
C0167,Customer 167,customer167@example.com,9910929349,Address 167,89,6419,4588,337
C0168,Customer 168,customer168@example.com,9983348185,Address 168,67,1978,3219,227
C0169,Customer 169,customer169@example.com,9975695433,Address 169,96,8350,2397,70
C0170,Customer 170,customer170@example.com,9997447356,Address 170,56,7689,4476,320
C0171,Customer 171,customer171@example.com,9969178336,Address 171,79,1359,392,403
C0172,Customer 172,customer172@example.com,9929391352,Address 172,67,2813,1936,307
C0173,Customer 173,customer173@example.com,9951327286,Address 173,36,5980,3361,216
C0174,Customer 174,customer174@example.com,9920998528,Address 174,60,7809,1537,172
C0175,Customer 175,customer175@example.com,9902585587,Address 175,32,5727,3857,179
C0176,Customer 176,customer176@example.com,9985245631,Address 176,90,7083,2853,328
C0177,Customer 177,customer177@example.com,9995137240,Address 177,49,6022,3649,168
C0178,Customer 178,customer178@example.com,9988628393,Address 178,24,1422,57,112
C0179,Customer 179,customer179@example.com,9943217025,Address 179,21,9584,3505,119
C0180,Customer 180,customer180@example.com,9943504681,Address 180,81,5868,59,280
C0181,Customer 181,customer181@example.com,9921954968,Address 181,70,5696,810,456
C0182,Customer 182,customer182@example.com,9923028716,Address 182,1,614,4299,133
C0183,Customer 183,customer183@example.com,9963482475,Address 183,82,4546,1126,439
C0184,Customer 184,customer184@example.com,9933547765,Address 184,36,613,4453,346
C0185,Customer 185,customer185@example.com,9938831884,Address 185,24,2839,3137,385
C0186,Customer 186,customer186@example.com,9990547200,Address 186,60,2630,2126,437
C0187,Customer 187,customer187@example.com,9921843446,Address 187,52,1456,4012,395
C0188,Customer 188,customer188@example.com,9953872763,Address 188,93,8548,823,70
C0189,Customer 189,customer189@example.com,9910639593,Address 189,19,9752,3935,94
C0190,Customer 190,customer190@example.com,9975132294,Address 190,77,6141,4674,80
C0191,Customer 191,customer191@example.com,9924949314,Address 191,57,2237,1474,66
C0192,Customer 192,customer192@example.com,9919266778,Address 192,6,8984,1054,204
C0193,Customer 193,customer193@example.com,9935458618,Address 193,83,9530,3958,237
C0194,Customer 194,customer194@example.com,9939147520,Address 194,18,4065,329,403
C0195,Customer 195,customer195@example.com,9947014768,Address 195,70,527,3556,393
C0196,Customer 196,customer196@example.com,9988816826,Address 196,9,383,2262,257
C0197,Customer 197,customer197@example.com,9974740036,Address 197,26,1873,2873,370
C0198,Customer 198,customer198@example.com,9941793007,Address 198,76,6072,4610,52
C0199,Customer 199,customer199@example.com,9996711684,Address 199,43,8597,316,161
C0200,Customer 200,customer200@example.com,9906926888,Address 200,38,5776,3263,376
C0201,Customer 201,customer201@example.com,9908582099,Address 201,56,2522,674,342
C0202,Customer 202,customer202@example.com,9981237322,Address 202,51,4147,2247,105
C0203,Customer 203,customer203@example.com,9967558344,Address 203,18,1495,1720,302
C0204,Customer 204,customer204@example.com,9938337241,Address 204,31,2311,4731,47
C0205,Customer 205,customer205@example.com,9995892839,Address 205,4,8371,4000,266
C0206,Customer 206,customer206@example.com,9970309570,Address 206,85,4804,4108,437
C0207,Customer 207,customer207@example.com,9907952828,Address 207,76,387,678,153
C0208,Customer 208,customer208@example.com,9967451665,Address 208,22,2520,4643,217
C0209,Customer 209,customer209@example.com,9907926642,Address 209,25,8388,804,476
C0210,Customer 210,customer210@example.com,9922560999,Address 210,81,8093,711,404
C0211,Customer 211,customer211@example.com,9984107715,Address 211,13,8142,4337,500
C0212,Customer 212,customer212@example.com,9959309672,Address 212,22,473,1844,317
C0213,Customer 213,customer213@example.com,9902209382,Address 213,2,5657,1786,424
C0214,Customer 214,customer214@example.com,9917965479,Address 214,32,172,2211,91
C0215,Customer 215,customer215@example.com,9938853369,Address 215,54,1075,3114,228
C0216,Customer 216,customer216@example.com,9911772488,Address 216,15,5162,3818,401
C0217,Customer 217,customer217@example.com,9900764470,Address 217,59,8410,3621,194
C0218,Customer 218,customer218@example.com,9983498105,Address 218,40,8631,2324,461
C0219,Customer 219,customer219@example.com,9914706857,Address 219,78,7866,4180,126
C0220,Customer 220,customer220@example.com,9995774895,Address 220,21,9139,1138,48
C0221,Customer 221,customer221@example.com,9933450885,Address 221,46,2689,2439,47
C0222,Customer 222,customer222@example.com,9902351362,Address 222,41,9193,1765,190
C0223,Customer 223,customer223@example.com,9930920331,Address 223,68,3294,4059,248
C0224,Customer 224,customer224@example.com,9987535799,Address 224,11,9426,4285,102
C0225,Customer 225,customer225@example.com,9930037225,Address 225,7,5619,2931,170
C0226,Customer 226,customer226@example.com,9918745698,Address 226,53,7057,3784,179
C0227,Customer 227,customer227@example.com,9931039901,Address 227,86,6690,3389,405
C0228,Customer 228,customer228@example.com,9915859613,Address 228,60,9404,1064,50
C0229,Customer 229,customer229@example.com,9950713694,Address 229,68,9428,4104,471
C0230,Customer 230,customer230@example.com,9934314097,Address 230,14,6615,3181,138
C0231,Customer 231,customer231@example.com,9956270018,Address 231,36,7146,4150,386
C0232,Customer 232,customer232@example.com,9923403195,Address 232,2,5436,635,56
C0233,Customer 233,customer233@example.com,9969074416,Address 233,7,2788,2027,361
C0234,Customer 234,customer234@example.com,9982511812,Address 234,8,2626,1026,365
C0235,Customer 235,customer235@example.com,9973278110,Address 235,33,4946,3265,133
C0236,Customer 236,customer236@example.com,9912587823,Address 236,86,3212,2989,12
C0237,Customer 237,customer237@example.com,9934197616,Address 237,84,2275,1701,489
C0238,Customer 238,customer238@example.com,9955699967,Address 238,42,7586,3794,76
C0239,Customer 239,customer239@example.com,9939857252,Address 239,58,7126,1185,202
C0240,Customer 240,customer240@example.com,9900334459,Address 240,5,6736,1905,222
C0241,Customer 241,customer241@example.com,9970439123,Address 241,46,313,3966,448
C0242,Customer 242,customer242@example.com,9930040140,Address 242,12,6634,638,167
C0243,Customer 243,customer243@example.com,9917965211,Address 243,80,5458,1418,107
C0244,Customer 244,customer244@example.com,9962957232,Address 244,28,8358,4340,458
C0245,Customer 245,customer245@example.com,9904023348,Address 245,62,5026,3618,20
C0246,Customer 246,customer246@example.com,9946795154,Address 246,9,4369,1342,294
C0247,Customer 247,customer247@example.com,9970728749,Address 247,16,1542,4878,491
C0248,Customer 248,customer248@example.com,9964202409,Address 248,21,5148,3983,31
C0249,Customer 249,customer249@example.com,9957235005,Address 249,89,6133,4840,223
C0250,Customer 250,customer250@example.com,9905636603,Address 250,92,3172,3320,15
C0251,Customer 251,customer251@example.com,9939321514,Address 251,72,2361,831,65
C0252,Customer 252,customer252@example.com,9976918587,Address 252,16,8128,259,304
C0253,Customer 253,customer253@example.com,9999581812,Address 253,79,9165,2725,105
C0254,Customer 254,customer254@example.com,9958872809,Address 254,36,7507,2515,174
C0255,Customer 255,customer255@example.com,9934184848,Address 255,94,6750,2398,389
C0256,Customer 256,customer256@example.com,9939999059,Address 256,71,8341,1876,320
C0257,Customer 257,customer257@example.com,9987056308,Address 257,93,882,419,482
C0258,Customer 258,customer258@example.com,9913403829,Address 258,39,6066,4181,424
C0259,Customer 259,customer259@example.com,9979050738,Address 259,53,7966,1770,365
C0260,Customer 260,customer260@example.com,9935739050,Address 260,54,6634,78,398
C0261,Customer 261,customer261@example.com,9986364272,Address 261,49,4114,2490,255
C0262,Customer 262,customer262@example.com,9945140961,Address 262,34,6604,2825,82
C0263,Customer 263,customer263@example.com,9995595542,Address 263,30,6223,4810,280
C0264,Customer 264,customer264@example.com,9974356707,Address 264,98,8300,639,269
C0265,Customer 265,customer265@example.com,9969857966,Address 265,45,4067,3781,410
C0266,Customer 266,customer266@example.com,9995129131,Address 266,98,5400,291,116
C0267,Customer 267,customer267@example.com,9916812748,Address 267,5,2292,3441,325
C0268,Customer 268,customer268@example.com,9919357227,Address 268,16,178,3517,488
C0269,Customer 269,customer269@example.com,9997310741,Address 269,49,4832,1621,119
C0270,Customer 270,customer270@example.com,9983549826,Address 270,33,6478,1213,362
C0271,Customer 271,customer271@example.com,9927810243,Address 271,94,786,3414,471
C0272,Customer 272,customer272@example.com,9916861762,Address 272,77,3148,4695,462
C0273,Customer 273,customer273@example.com,9913455855,Address 273,15,9582,576,240
C0274,Customer 274,customer274@example.com,9903670442,Address 274,4,3076,2729,128
C0275,Customer 275,customer275@example.com,9948777085,Address 275,72,1812,3227,145
C0276,Customer 276,customer276@example.com,9928146121,Address 276,65,1226,4464,256
C0277,Customer 277,customer277@example.com,9919700778,Address 277,28,9722,3867,381
C0278,Customer 278,customer278@example.com,9995874678,Address 278,61,6493,1002,436
C0279,Customer 279,customer279@example.com,9993778188,Address 279,89,5376,1329,489
C0280,Customer 280,customer280@example.com,9973749031,Address 280,24,7255,1303,397
C0281,Customer 281,customer281@example.com,9904918488,Address 281,45,9975,1573,325
C0282,Customer 282,customer282@example.com,9967537236,Address 282,75,3122,3528,405
C0283,Customer 283,customer283@example.com,9981748516,Address 283,39,7816,3127,29
C0284,Customer 284,customer284@example.com,9945729917,Address 284,10,2602,3553,397
C0285,Customer 285,customer285@example.com,9978391913,Address 285,31,3376,1458,44
C0286,Customer 286,customer286@example.com,9943520261,Address 286,30,1344,3108,330
C0287,Customer 287,customer287@example.com,9918206777,Address 287,50,8631,4600,210
C0288,Customer 288,customer288@example.com,9979496533,Address 288,36,3519,3793,23
C0289,Customer 289,customer289@example.com,9916715413,Address 289,49,6681,4001,64
C0290,Customer 290,customer290@example.com,9919455286,Address 290,33,3714,3203,83
C0291,Customer 291,customer291@example.com,9961702677,Address 291,65,4176,384,122
C0292,Customer 292,customer292@example.com,9963423780,Address 292,9,492,4907,133
C0293,Customer 293,customer293@example.com,9944217476,Address 293,4,268,2063,406
C0294,Customer 294,customer294@example.com,9991178810,Address 294,44,7301,1134,281
C0295,Customer 295,customer295@example.com,9906685080,Address 295,86,6731,2452,286
C0296,Customer 296,customer296@example.com,9970930320,Address 296,71,6859,677,119
C0297,Customer 297,customer297@example.com,9927824168,Address 297,28,7720,2688,61
C0298,Customer 298,customer298@example.com,9981589045,Address 298,50,7934,1608,498
C0299,Customer 299,customer299@example.com,9908351871,Address 299,15,3860,1067,394
C0300,Customer 300,customer300@example.com,9972098828,Address 300,39,9050,604,54
C0301,Customer 301,customer301@example.com,9923929263,Address 301,85,3043,302,34
C0302,Customer 302,customer302@example.com,9996358718,Address 302,47,188,1584,219
C0303,Customer 303,customer303@example.com,9913029698,Address 303,29,1820,1970,319
C0304,Customer 304,customer304@example.com,9951979421,Address 304,31,2324,1300,75
C0305,Customer 305,customer305@example.com,9933827683,Address 305,36,3210,4689,264
C0306,Customer 306,customer306@example.com,9961153310,Address 306,99,9560,3634,126
C0307,Customer 307,customer307@example.com,9982926398,Address 307,84,6032,4996,375
C0308,Customer 308,customer308@example.com,9935186372,Address 308,30,266,1681,47
C0309,Customer 309,customer309@example.com,9974884179,Address 309,31,2689,754,230
C0310,Customer 310,customer310@example.com,9947247704,Address 310,86,8601,4000,87
C0311,Customer 311,customer311@example.com,9949107779,Address 311,85,583,3975,458
C0312,Customer 312,customer312@example.com,9924342387,Address 312,41,5340,1313,245
C0313,Customer 313,customer313@example.com,9917750406,Address 313,56,4762,3257,499
C0314,Customer 314,customer314@example.com,9976531689,Address 314,31,4045,2814,185
C0315,Customer 315,customer315@example.com,9916936085,Address 315,20,664,4596,143
C0316,Customer 316,customer316@example.com,9979502766,Address 316,76,1592,2871,204
C0317,Customer 317,customer317@example.com,9982933452,Address 317,47,7809,1881,424
C0318,Customer 318,customer318@example.com,9979078368,Address 318,81,484,3386,187
C0319,Customer 319,customer319@example.com,9994718867,Address 319,21,4557,3013,104
C0320,Customer 320,customer320@example.com,9987630866,Address 320,82,7976,1174,71
C0321,Customer 321,customer321@example.com,9939395352,Address 321,12,3567,4663,127
C0322,Customer 322,customer322@example.com,9980967451,Address 322,69,1988,1910,87
C0323,Customer 323,customer323@example.com,9926590180,Address 323,46,3460,4655,473
C0324,Customer 324,customer324@example.com,9982452742,Address 324,28,3591,754,237
C0325,Customer 325,customer325@example.com,9943685373,Address 325,11,339,1209,211
C0326,Customer 326,customer326@example.com,9963078612,Address 326,57,2914,388,402
C0327,Customer 327,customer327@example.com,9991542499,Address 327,82,300,830,301
C0328,Customer 328,customer328@example.com,9964240353,Address 328,85,6494,2499,462
C0329,Customer 329,customer329@example.com,9934628556,Address 329,83,7815,1841,215
C0330,Customer 330,customer330@example.com,9906522151,Address 330,98,2461,385,493
C0331,Customer 331,customer331@example.com,9998018858,Address 331,71,2764,4227,315
C0332,Customer 332,customer332@example.com,9953431432,Address 332,66,4933,2805,302
C0333,Customer 333,customer333@example.com,9999643731,Address 333,32,2556,3421,326
C0334,Customer 334,customer334@example.com,9901242918,Address 334,28,5772,503,244
C0335,Customer 335,customer335@example.com,9985503659,Address 335,78,3366,897,400
C0336,Customer 336,customer336@example.com,9950470069,Address 336,12,2764,761,185
C0337,Customer 337,customer337@example.com,9956169148,Address 337,37,8685,2252,13
C0338,Customer 338,customer338@example.com,9921100517,Address 338,1,5463,3388,223
C0339,Customer 339,customer339@example.com,9944696993,Address 339,93,2769,2540,79
C0340,Customer 340,customer340@example.com,9965863304,Address 340,19,7702,1264,296
C0341,Customer 341,customer341@example.com,9966912686,Address 341,62,1952,3275,169
C0342,Customer 342,customer342@example.com,9930320500,Address 342,26,3497,2137,367
C0343,Customer 343,customer343@example.com,9900268015,Address 343,85,490,2736,317
C0344,Customer 344,customer344@example.com,9996096305,Address 344,42,7347,2124,399
C0345,Customer 345,customer345@example.com,9909594847,Address 345,23,8899,1733,476
C0346,Customer 346,customer346@example.com,9920151094,Address 346,94,6551,3344,357
C0347,Customer 347,customer347@example.com,9949656235,Address 347,99,1662,3270,167
C0348,Customer 348,customer348@example.com,9989802970,Address 348,43,8319,4028,203
C0349,Customer 349,customer349@example.com,9998424016,Address 349,84,4741,1224,240
C0350,Customer 350,customer350@example.com,9922826084,Address 350,66,6368,519,165
C0351,Customer 351,customer351@example.com,9942807866,Address 351,90,8944,4435,39
C0352,Customer 352,customer352@example.com,9913794593,Address 352,39,4333,892,149
C0353,Customer 353,customer353@example.com,9903790404,Address 353,36,4003,1871,295
C0354,Customer 354,customer354@example.com,9917376673,Address 354,85,8879,465,194
C0355,Customer 355,customer355@example.com,9976592342,Address 355,16,5930,1474,247
C0356,Customer 356,customer356@example.com,9905446169,Address 356,40,9012,4449,45
C0357,Customer 357,customer357@example.com,9968126201,Address 357,21,3682,1960,391
C0358,Customer 358,customer358@example.com,9917992210,Address 358,94,5254,3992,478
C0359,Customer 359,customer359@example.com,9967650275,Address 359,89,5614,3306,396
C0360,Customer 360,customer360@example.com,9990107669,Address 360,2,6048,1938,134
C0361,Customer 361,customer361@example.com,9983236263,Address 361,76,4477,3030,341
C0362,Customer 362,customer362@example.com,9920890636,Address 362,29,6452,1612,318
C0363,Customer 363,customer363@example.com,9918912399,Address 363,80,9577,3909,55
C0364,Customer 364,customer364@example.com,9953240489,Address 364,89,702,2706,350
C0365,Customer 365,customer365@example.com,9955730489,Address 365,95,3823,1119,65
C0366,Customer 366,customer366@example.com,9929425930,Address 366,38,5411,1010,462
C0367,Customer 367,customer367@example.com,9955308413,Address 367,46,4728,312,160
C0368,Customer 368,customer368@example.com,9947765351,Address 368,81,5972,3539,311
C0369,Customer 369,customer369@example.com,9930838883,Address 369,85,8596,3880,65
C0370,Customer 370,customer370@example.com,9987981078,Address 370,61,8445,3262,279
C0371,Customer 371,customer371@example.com,9908905913,Address 371,97,3158,571,374
C0372,Customer 372,customer372@example.com,9996880709,Address 372,22,1726,619,201
C0373,Customer 373,customer373@example.com,9973430082,Address 373,65,9588,4625,470
C0374,Customer 374,customer374@example.com,9995345469,Address 374,86,9355,3528,386
C0375,Customer 375,customer375@example.com,9992872194,Address 375,68,7709,3740,273
C0376,Customer 376,customer376@example.com,9938177748,Address 376,97,7095,1327,198
C0377,Customer 377,customer377@example.com,9966447143,Address 377,33,4618,2715,28
C0378,Customer 378,customer378@example.com,9929727967,Address 378,91,1803,2359,409
C0379,Customer 379,customer379@example.com,9929354165,Address 379,71,659,3609,255
C0380,Customer 380,customer380@example.com,9974166825,Address 380,46,4666,732,276
C0381,Customer 381,customer381@example.com,9991479280,Address 381,97,4035,90,358
C0382,Customer 382,customer382@example.com,9901521270,Address 382,24,7390,2034,77
C0383,Customer 383,customer383@example.com,9977394997,Address 383,74,9386,2863,22
C0384,Customer 384,customer384@example.com,9977355462,Address 384,76,6519,4463,402
C0385,Customer 385,customer385@example.com,9928133598,Address 385,1,5386,3321,432
C0386,Customer 386,customer386@example.com,9944477395,Address 386,59,6897,3421,305
C0387,Customer 387,customer387@example.com,9985266936,Address 387,9,5229,212,94
C0388,Customer 388,customer388@example.com,9999507229,Address 388,75,5811,1452,102
C0389,Customer 389,customer389@example.com,9972928793,Address 389,90,9379,371,440
C0390,Customer 390,customer390@example.com,9948700196,Address 390,12,2069,1872,375
C0391,Customer 391,customer391@example.com,9937017710,Address 391,45,4006,2387,82
C0392,Customer 392,customer392@example.com,9996271007,Address 392,23,4030,2273,347
C0393,Customer 393,customer393@example.com,9907848920,Address 393,75,4285,337,27
C0394,Customer 394,customer394@example.com,9989399283,Address 394,3,2916,2555,478
C0395,Customer 395,customer395@example.com,9928402002,Address 395,76,9356,2750,268
C0396,Customer 396,customer396@example.com,9924195667,Address 396,72,7527,84,26
C0397,Customer 397,customer397@example.com,9986788073,Address 397,50,3925,2140,101
C0398,Customer 398,customer398@example.com,9993600329,Address 398,2,6128,1340,245
C0399,Customer 399,customer399@example.com,9971164796,Address 399,84,9812,3537,317
C0400,Customer 400,customer400@example.com,9961333991,Address 400,68,3595,192,68
C0401,Customer 401,customer401@example.com,9973302388,Address 401,30,246,922,289
C0402,Customer 402,customer402@example.com,9970748135,Address 402,35,6868,2673,380
C0403,Customer 403,customer403@example.com,9915079485,Address 403,92,8854,1726,473
C0404,Customer 404,customer404@example.com,9918088691,Address 404,16,1154,3100,489
C0405,Customer 405,customer405@example.com,9930747868,Address 405,93,8150,910,140
C0406,Customer 406,customer406@example.com,9912695297,Address 406,36,5752,4833,229
C0407,Customer 407,customer407@example.com,9945789777,Address 407,58,3593,127,415
C0408,Customer 408,customer408@example.com,9959182393,Address 408,15,1470,1410,194
C0409,Customer 409,customer409@example.com,9941670469,Address 409,92,9097,2883,418
C0410,Customer 410,customer410@example.com,9988194211,Address 410,11,1776,437,377
C0411,Customer 411,customer411@example.com,9977416929,Address 411,59,1510,3977,266
C0412,Customer 412,customer412@example.com,9916470121,Address 412,39,452,1411,422
C0413,Customer 413,customer413@example.com,9969647034,Address 413,49,1393,1513,344
C0414,Customer 414,customer414@example.com,9901827683,Address 414,54,2675,4897,320
C0415,Customer 415,customer415@example.com,9951871888,Address 415,29,3547,1604,493
C0416,Customer 416,customer416@example.com,9911031577,Address 416,87,2757,4746,377
C0417,Customer 417,customer417@example.com,9936244860,Address 417,21,2040,3749,206
C0418,Customer 418,customer418@example.com,9917986283,Address 418,61,1328,2527,381
C0419,Customer 419,customer419@example.com,9947099875,Address 419,16,1023,3880,335
C0420,Customer 420,customer420@example.com,9964340645,Address 420,2,5508,3367,103
C0421,Customer 421,customer421@example.com,9903892541,Address 421,52,7887,3296,492
C0422,Customer 422,customer422@example.com,9974915233,Address 422,69,2584,4689,133
C0423,Customer 423,customer423@example.com,9944953257,Address 423,72,320,154,73
C0424,Customer 424,customer424@example.com,9941919865,Address 424,56,3799,4218,288
C0425,Customer 425,customer425@example.com,9963685138,Address 425,95,3196,3779,153
C0426,Customer 426,customer426@example.com,9968383707,Address 426,47,4031,3904,291
C0427,Customer 427,customer427@example.com,9961716066,Address 427,29,8037,4680,221
C0428,Customer 428,customer428@example.com,9976558016,Address 428,41,3151,3525,396
C0429,Customer 429,customer429@example.com,9922351551,Address 429,8,6940,4768,379
C0430,Customer 430,customer430@example.com,9928100146,Address 430,46,8305,1512,490
C0431,Customer 431,customer431@example.com,9915954376,Address 431,44,6998,1540,140
C0432,Customer 432,customer432@example.com,9952920436,Address 432,91,3187,1391,469
C0433,Customer 433,customer433@example.com,9942119205,Address 433,59,5271,3484,238
C0434,Customer 434,customer434@example.com,9927149772,Address 434,65,2018,1430,175
C0435,Customer 435,customer435@example.com,9902657462,Address 435,54,9629,1056,426
C0436,Customer 436,customer436@example.com,9901704960,Address 436,1,6599,2606,47
C0437,Customer 437,customer437@example.com,9937864316,Address 437,24,5506,2701,398
C0438,Customer 438,customer438@example.com,9941608030,Address 438,73,5146,921,300
C0439,Customer 439,customer439@example.com,9967265921,Address 439,10,4990,3079,446
C0440,Customer 440,customer440@example.com,9947100502,Address 440,35,7359,2354,247
C0441,Customer 441,customer441@example.com,9951071635,Address 441,21,9912,2296,131
C0442,Customer 442,customer442@example.com,9949363244,Address 442,79,3695,1770,133
C0443,Customer 443,customer443@example.com,9968633343,Address 443,45,3665,2697,242
C0444,Customer 444,customer444@example.com,9923899496,Address 444,59,2354,4433,261
C0445,Customer 445,customer445@example.com,9992814329,Address 445,32,3045,3667,357
C0446,Customer 446,customer446@example.com,9975241337,Address 446,34,9495,1125,310
C0447,Customer 447,customer447@example.com,9902349648,Address 447,6,7011,2701,382
C0448,Customer 448,customer448@example.com,9998822889,Address 448,21,4055,268,234
C0449,Customer 449,customer449@example.com,9983898122,Address 449,57,7736,2317,494
C0450,Customer 450,customer450@example.com,9901468888,Address 450,58,6765,3061,199
C0451,Customer 451,customer451@example.com,9912336954,Address 451,15,8972,2878,58
C0452,Customer 452,customer452@example.com,9939257156,Address 452,64,1406,4947,292
C0453,Customer 453,customer453@example.com,9979182055,Address 453,3,612,971,16
C0454,Customer 454,customer454@example.com,9970185968,Address 454,85,9775,1891,218
C0455,Customer 455,customer455@example.com,9987910983,Address 455,5,5163,1914,366
C0456,Customer 456,customer456@example.com,9932153466,Address 456,60,6791,3400,217
C0457,Customer 457,customer457@example.com,9962219130,Address 457,96,9650,2842,215
C0458,Customer 458,customer458@example.com,9965520953,Address 458,18,1843,4337,44
C0459,Customer 459,customer459@example.com,9901523982,Address 459,96,780,2165,434
C0460,Customer 460,customer460@example.com,9950892416,Address 460,41,6933,4063,414
C0461,Customer 461,customer461@example.com,9992216520,Address 461,79,9943,2613,15
C0462,Customer 462,customer462@example.com,9931234987,Address 462,26,6028,178,332
C0463,Customer 463,customer463@example.com,9958363467,Address 463,23,1037,2714,56
C0464,Customer 464,customer464@example.com,9959045535,Address 464,85,6951,2747,146
C0465,Customer 465,customer465@example.com,9931405941,Address 465,23,9570,821,252
C0466,Customer 466,customer466@example.com,9957907712,Address 466,52,3126,4948,357
C0467,Customer 467,customer467@example.com,9956272940,Address 467,78,7544,4539,344
C0468,Customer 468,customer468@example.com,9995504943,Address 468,52,5544,710,466
C0469,Customer 469,customer469@example.com,9990243790,Address 469,91,6420,2217,431
C0470,Customer 470,customer470@example.com,9953134535,Address 470,92,115,618,344
C0471,Customer 471,customer471@example.com,9911387636,Address 471,14,5237,652,14
C0472,Customer 472,customer472@example.com,9906146464,Address 472,73,955,19,301
C0473,Customer 473,customer473@example.com,9990066477,Address 473,90,4066,339,142
C0474,Customer 474,customer474@example.com,9934331079,Address 474,5,342,2413,375
C0475,Customer 475,customer475@example.com,9979883502,Address 475,29,893,3446,112
C0476,Customer 476,customer476@example.com,9952859676,Address 476,2,2482,1577,274
C0477,Customer 477,customer477@example.com,9995667389,Address 477,52,473,3058,378
C0478,Customer 478,customer478@example.com,9975820567,Address 478,54,2605,3733,414
C0479,Customer 479,customer479@example.com,9965253599,Address 479,64,6755,3766,123
C0480,Customer 480,customer480@example.com,9907830686,Address 480,53,746,2394,58
C0481,Customer 481,customer481@example.com,9978010304,Address 481,74,1103,104,398
C0482,Customer 482,customer482@example.com,9988686002,Address 482,84,9352,4540,195
C0483,Customer 483,customer483@example.com,9998839202,Address 483,71,1743,418,56
C0484,Customer 484,customer484@example.com,9956367436,Address 484,58,6599,2478,279
C0485,Customer 485,customer485@example.com,9978729089,Address 485,94,3869,2326,459
C0486,Customer 486,customer486@example.com,9988789628,Address 486,63,8021,1248,184
C0487,Customer 487,customer487@example.com,9941672743,Address 487,52,3320,2806,400
C0488,Customer 488,customer488@example.com,9993900311,Address 488,66,1765,4674,412
C0489,Customer 489,customer489@example.com,9990990029,Address 489,97,2596,1017,466
C0490,Customer 490,customer490@example.com,9930144320,Address 490,29,5923,4595,438
C0491,Customer 491,customer491@example.com,9908676894,Address 491,54,4654,1028,182
C0492,Customer 492,customer492@example.com,9924433229,Address 492,24,7131,1433,153
C0493,Customer 493,customer493@example.com,9947051507,Address 493,47,578,3540,315
C0494,Customer 494,customer494@example.com,9904444811,Address 494,27,6107,379,56
C0495,Customer 495,customer495@example.com,9970270165,Address 495,30,8604,2038,45
C0496,Customer 496,customer496@example.com,9968434127,Address 496,13,8854,4403,460
C0497,Customer 497,customer497@example.com,9998815016,Address 497,83,6374,4814,33
C0498,Customer 498,customer498@example.com,9994618847,Address 498,99,346,28,268
C0499,Customer 499,customer499@example.com,9915508517,Address 499,63,3490,466,60
C0500,Customer 500,customer500@example.com,9967746580,Address 500,90,6750,3081,408
C0501,Customer 501,customer501@example.com,9959457918,Address 501,75,3960,287,183
C0502,Customer 502,customer502@example.com,9973861446,Address 502,61,8761,4363,319
C0503,Customer 503,customer503@example.com,9950537145,Address 503,3,7776,2705,374
C0504,Customer 504,customer504@example.com,9973300557,Address 504,58,2488,4568,128
C0505,Customer 505,customer505@example.com,9969751095,Address 505,44,2188,4102,448
C0506,Customer 506,customer506@example.com,9905868511,Address 506,24,795,2160,11
C0507,Customer 507,customer507@example.com,9957203300,Address 507,53,8904,3826,207
C0508,Customer 508,customer508@example.com,9942421845,Address 508,78,3675,3164,12
C0509,Customer 509,customer509@example.com,9945016490,Address 509,40,8048,4692,245
C0510,Customer 510,customer510@example.com,9978852145,Address 510,65,7078,2098,459
C0511,Customer 511,customer511@example.com,9940300599,Address 511,3,5558,4416,238
C0512,Customer 512,customer512@example.com,9906704376,Address 512,82,8394,2189,321
C0513,Customer 513,customer513@example.com,9923451566,Address 513,57,1313,3132,209
C0514,Customer 514,customer514@example.com,9913576504,Address 514,19,8020,3668,266
C0515,Customer 515,customer515@example.com,9940319616,Address 515,39,2287,4243,180
C0516,Customer 516,customer516@example.com,9931838293,Address 516,60,809,424,354
C0517,Customer 517,customer517@example.com,9938364502,Address 517,89,5487,3907,234
C0518,Customer 518,customer518@example.com,9924072868,Address 518,98,9068,4395,248
C0519,Customer 519,customer519@example.com,9905363260,Address 519,72,320,3959,169
C0520,Customer 520,customer520@example.com,9911692243,Address 520,63,3940,3393,34
C0521,Customer 521,customer521@example.com,9941066830,Address 521,23,5161,990,88
C0522,Customer 522,customer522@example.com,9976780891,Address 522,25,557,1731,17
C0523,Customer 523,customer523@example.com,9973543613,Address 523,14,906,4858,21
C0524,Customer 524,customer524@example.com,9998600478,Address 524,28,5593,3497,352
C0525,Customer 525,customer525@example.com,9951014981,Address 525,67,1557,1119,25
C0526,Customer 526,customer526@example.com,9992461264,Address 526,45,7499,882,328
C0527,Customer 527,customer527@example.com,9945567355,Address 527,9,9795,344,85
C0528,Customer 528,customer528@example.com,9933293434,Address 528,43,880,575,292
C0529,Customer 529,customer529@example.com,9921851304,Address 529,21,4939,752,232
C0530,Customer 530,customer530@example.com,9942212559,Address 530,27,4503,3403,226
C0531,Customer 531,customer531@example.com,9942374609,Address 531,77,6104,302,387
C0532,Customer 532,customer532@example.com,9950895208,Address 532,3,2316,4383,171
C0533,Customer 533,customer533@example.com,9995298610,Address 533,81,201,3236,496
C0534,Customer 534,customer534@example.com,9909935373,Address 534,39,9400,1776,423
C0535,Customer 535,customer535@example.com,9988715717,Address 535,67,2473,4893,173
C0536,Customer 536,customer536@example.com,9939554492,Address 536,39,5297,3298,53
C0537,Customer 537,customer537@example.com,9917542522,Address 537,93,9887,2282,260
C0538,Customer 538,customer538@example.com,9915290165,Address 538,16,1568,109,254
C0539,Customer 539,customer539@example.com,9974457372,Address 539,6,127,1809,470
C0540,Customer 540,customer540@example.com,9981657239,Address 540,99,1342,2798,359
C0541,Customer 541,customer541@example.com,9959973031,Address 541,29,5538,4493,255
C0542,Customer 542,customer542@example.com,9953843783,Address 542,85,5164,901,50
C0543,Customer 543,customer543@example.com,9994592338,Address 543,83,8090,1851,448
C0544,Customer 544,customer544@example.com,9983711981,Address 544,33,3817,1984,472
C0545,Customer 545,customer545@example.com,9901811193,Address 545,26,2777,4274,103
C0546,Customer 546,customer546@example.com,9910961562,Address 546,7,6629,4364,429
C0547,Customer 547,customer547@example.com,9951467298,Address 547,21,1597,2841,119
C0548,Customer 548,customer548@example.com,9964146011,Address 548,92,6308,1120,144
C0549,Customer 549,customer549@example.com,9960431102,Address 549,34,3224,380,319
C0550,Customer 550,customer550@example.com,9983257943,Address 550,50,7426,4233,284
C0551,Customer 551,customer551@example.com,9989452107,Address 551,86,9796,3852,28
C0552,Customer 552,customer552@example.com,9904921866,Address 552,21,6166,2458,162
C0553,Customer 553,customer553@example.com,9978128372,Address 553,60,6757,884,60
C0554,Customer 554,customer554@example.com,9979581923,Address 554,51,6817,1182,266
C0555,Customer 555,customer555@example.com,9999143693,Address 555,28,4953,102,305
C0556,Customer 556,customer556@example.com,9993877432,Address 556,92,7847,271,403
C0557,Customer 557,customer557@example.com,9920036606,Address 557,17,5766,1977,291
C0558,Customer 558,customer558@example.com,9981218337,Address 558,35,1021,3049,286
C0559,Customer 559,customer559@example.com,9961036083,Address 559,72,7434,4132,159
C0560,Customer 560,customer560@example.com,9903603637,Address 560,61,796,3381,48
C0561,Customer 561,customer561@example.com,9976043904,Address 561,91,1456,1288,400
C0562,Customer 562,customer562@example.com,9926595546,Address 562,36,8345,546,213
C0563,Customer 563,customer563@example.com,9942915682,Address 563,7,1027,973,69
C0564,Customer 564,customer564@example.com,9989455617,Address 564,8,3952,4816,378
C0565,Customer 565,customer565@example.com,9962461564,Address 565,33,1080,1564,173
C0566,Customer 566,customer566@example.com,9938206672,Address 566,84,6345,2936,277
C0567,Customer 567,customer567@example.com,9956592235,Address 567,34,9530,4510,249
C0568,Customer 568,customer568@example.com,9932440145,Address 568,37,7755,3427,356
C0569,Customer 569,customer569@example.com,9943711561,Address 569,72,722,684,452
C0570,Customer 570,customer570@example.com,9935120595,Address 570,8,4041,1404,146
C0571,Customer 571,customer571@example.com,9967294102,Address 571,84,1199,2396,297
C0572,Customer 572,customer572@example.com,9915017170,Address 572,9,1402,1539,65
C0573,Customer 573,customer573@example.com,9962177494,Address 573,92,7807,4719,321
C0574,Customer 574,customer574@example.com,9957071797,Address 574,14,632,1576,269
C0575,Customer 575,customer575@example.com,9909928071,Address 575,90,6129,4085,333
C0576,Customer 576,customer576@example.com,9954159305,Address 576,13,2232,3071,54
C0577,Customer 577,customer577@example.com,9932838695,Address 577,97,9399,4788,137
C0578,Customer 578,customer578@example.com,9912488901,Address 578,24,5180,2020,307
C0579,Customer 579,customer579@example.com,9932247888,Address 579,36,3332,835,432
C0580,Customer 580,customer580@example.com,9952184383,Address 580,77,2416,2483,157
C0581,Customer 581,customer581@example.com,9990145666,Address 581,18,1915,550,73
C0582,Customer 582,customer582@example.com,9999905626,Address 582,65,5144,119,496
C0583,Customer 583,customer583@example.com,9985962745,Address 583,39,6958,845,448
C0584,Customer 584,customer584@example.com,9986531854,Address 584,78,6897,3477,408
C0585,Customer 585,customer585@example.com,9981481166,Address 585,30,3912,2228,261
C0586,Customer 586,customer586@example.com,9991540587,Address 586,29,8824,2635,305
C0587,Customer 587,customer587@example.com,9990666604,Address 587,99,8636,2750,279
C0588,Customer 588,customer588@example.com,9963006037,Address 588,18,9342,3878,17
C0589,Customer 589,customer589@example.com,9912346836,Address 589,70,3449,1513,357
C0590,Customer 590,customer590@example.com,9947803292,Address 590,50,9205,4119,136
C0591,Customer 591,customer591@example.com,9928155031,Address 591,94,9670,1022,208
C0592,Customer 592,customer592@example.com,9958721466,Address 592,91,2442,731,338
C0593,Customer 593,customer593@example.com,9979356342,Address 593,96,7401,4473,423
C0594,Customer 594,customer594@example.com,9956072992,Address 594,54,9710,2723,128
C0595,Customer 595,customer595@example.com,9987935191,Address 595,18,3607,2445,433
C0596,Customer 596,customer596@example.com,9994189472,Address 596,47,5509,4642,468
C0597,Customer 597,customer597@example.com,9938110307,Address 597,39,8106,1505,223
C0598,Customer 598,customer598@example.com,9937045665,Address 598,60,8862,4673,323
C0599,Customer 599,customer599@example.com,9953624894,Address 599,70,5481,2232,119
C0600,Customer 600,customer600@example.com,9982566416,Address 600,57,1596,2996,273
C0601,Customer 601,customer601@example.com,9988909179,Address 601,16,8139,1067,443
C0602,Customer 602,customer602@example.com,9936149638,Address 602,38,4425,2297,93
C0603,Customer 603,customer603@example.com,9910041059,Address 603,95,6447,1753,179
C0604,Customer 604,customer604@example.com,9907780229,Address 604,4,7002,1231,188
C0605,Customer 605,customer605@example.com,9964104362,Address 605,20,4084,173,222
C0606,Customer 606,customer606@example.com,9911549771,Address 606,80,485,146,275
C0607,Customer 607,customer607@example.com,9981191016,Address 607,13,2179,4066,340
C0608,Customer 608,customer608@example.com,9935930392,Address 608,87,6033,4096,433
C0609,Customer 609,customer609@example.com,9960617304,Address 609,51,9301,2109,498
C0610,Customer 610,customer610@example.com,9949046948,Address 610,33,4613,3546,275
C0611,Customer 611,customer611@example.com,9905822707,Address 611,43,1228,3510,12
C0612,Customer 612,customer612@example.com,9908539028,Address 612,99,1845,2209,53
C0613,Customer 613,customer613@example.com,9944395610,Address 613,37,8964,1939,409
C0614,Customer 614,customer614@example.com,9973181351,Address 614,10,329,2109,153
C0615,Customer 615,customer615@example.com,9928170094,Address 615,83,7000,2773,273
C0616,Customer 616,customer616@example.com,9937491192,Address 616,76,4479,40,92
C0617,Customer 617,customer617@example.com,9953233445,Address 617,4,1908,1390,310
C0618,Customer 618,customer618@example.com,9991228283,Address 618,34,5423,656,17
C0619,Customer 619,customer619@example.com,9947304236,Address 619,76,4010,365,50
C0620,Customer 620,customer620@example.com,9952559227,Address 620,38,4179,394,413
C0621,Customer 621,customer621@example.com,9942790041,Address 621,66,9612,4105,383
C0622,Customer 622,customer622@example.com,9955564662,Address 622,88,4647,2484,18
C0623,Customer 623,customer623@example.com,9995127460,Address 623,89,8373,410,51
C0624,Customer 624,customer624@example.com,9989999472,Address 624,50,6727,182,488
C0625,Customer 625,customer625@example.com,9901949472,Address 625,35,2779,4586,439
C0626,Customer 626,customer626@example.com,9952371578,Address 626,95,7497,1925,133
C0627,Customer 627,customer627@example.com,9971305197,Address 627,55,6917,76,404
C0628,Customer 628,customer628@example.com,9976420086,Address 628,33,7734,29,238
C0629,Customer 629,customer629@example.com,9941229438,Address 629,36,1241,4448,181
C0630,Customer 630,customer630@example.com,9999179911,Address 630,37,4432,4433,122
C0631,Customer 631,customer631@example.com,9907859465,Address 631,18,8874,2737,236
C0632,Customer 632,customer632@example.com,9993248361,Address 632,76,1270,2767,72
C0633,Customer 633,customer633@example.com,9938369355,Address 633,88,7338,1289,57
C0634,Customer 634,customer634@example.com,9901715895,Address 634,4,3570,784,339
C0635,Customer 635,customer635@example.com,9986960668,Address 635,29,5869,1733,499
C0636,Customer 636,customer636@example.com,9966420704,Address 636,61,9266,4775,357
C0637,Customer 637,customer637@example.com,9977411646,Address 637,6,4211,4200,35
C0638,Customer 638,customer638@example.com,9909493374,Address 638,4,5586,3547,79
C0639,Customer 639,customer639@example.com,9931339140,Address 639,37,9164,2308,301
C0640,Customer 640,customer640@example.com,9959278055,Address 640,65,1617,4962,384
C0641,Customer 641,customer641@example.com,9913927090,Address 641,93,7239,484,70
C0642,Customer 642,customer642@example.com,9943075965,Address 642,34,9920,275,116
C0643,Customer 643,customer643@example.com,9965095348,Address 643,84,1436,3894,426
C0644,Customer 644,customer644@example.com,9974926834,Address 644,32,6732,3901,256
C0645,Customer 645,customer645@example.com,9913748114,Address 645,91,3958,2253,342
C0646,Customer 646,customer646@example.com,9994523819,Address 646,73,7957,1954,181
C0647,Customer 647,customer647@example.com,9955467619,Address 647,35,9258,2196,299
C0648,Customer 648,customer648@example.com,9927763515,Address 648,13,3993,2190,27
C0649,Customer 649,customer649@example.com,9962448493,Address 649,51,6912,2557,237
C0650,Customer 650,customer650@example.com,9969653501,Address 650,38,8028,3152,148
C0651,Customer 651,customer651@example.com,9960912257,Address 651,62,6678,1169,157
C0652,Customer 652,customer652@example.com,9945500681,Address 652,32,6420,1007,253
C0653,Customer 653,customer653@example.com,9916497880,Address 653,34,3954,1659,241
C0654,Customer 654,customer654@example.com,9955289307,Address 654,85,740,2353,175
C0655,Customer 655,customer655@example.com,9991846206,Address 655,95,2354,548,201
C0656,Customer 656,customer656@example.com,9908531080,Address 656,13,7366,1835,158
C0657,Customer 657,customer657@example.com,9937780923,Address 657,41,1525,1499,235
C0658,Customer 658,customer658@example.com,9930702272,Address 658,92,242,4472,328
C0659,Customer 659,customer659@example.com,9935383397,Address 659,67,2791,428,226
C0660,Customer 660,customer660@example.com,9955003970,Address 660,35,1342,3913,81
C0661,Customer 661,customer661@example.com,9983400185,Address 661,69,1843,2214,142
C0662,Customer 662,customer662@example.com,9925336071,Address 662,67,5738,243,51
C0663,Customer 663,customer663@example.com,9951496024,Address 663,41,9888,456,150
C0664,Customer 664,customer664@example.com,9971322093,Address 664,84,9603,3560,179
C0665,Customer 665,customer665@example.com,9913755966,Address 665,75,7060,4017,192
C0666,Customer 666,customer666@example.com,9949197550,Address 666,47,280,2545,262
C0667,Customer 667,customer667@example.com,9900613436,Address 667,91,6965,4514,384
C0668,Customer 668,customer668@example.com,9922265139,Address 668,49,4691,3805,81
C0669,Customer 669,customer669@example.com,9966732106,Address 669,98,7657,3476,445
C0670,Customer 670,customer670@example.com,9932465718,Address 670,92,6719,1299,392
C0671,Customer 671,customer671@example.com,9981848999,Address 671,82,3364,1750,55
C0672,Customer 672,customer672@example.com,9922896121,Address 672,40,7845,752,264
C0673,Customer 673,customer673@example.com,9996073432,Address 673,92,7340,1926,432
C0674,Customer 674,customer674@example.com,9958652764,Address 674,41,6871,4298,33
C0675,Customer 675,customer675@example.com,9941918552,Address 675,61,4020,3218,129
C0676,Customer 676,customer676@example.com,9945948468,Address 676,37,5660,3044,354
C0677,Customer 677,customer677@example.com,9924088613,Address 677,97,5824,2494,178
C0678,Customer 678,customer678@example.com,9960134147,Address 678,95,7840,4912,172
C0679,Customer 679,customer679@example.com,9994271768,Address 679,51,1970,1121,347
C0680,Customer 680,customer680@example.com,9967910565,Address 680,1,7139,2553,95
C0681,Customer 681,customer681@example.com,9943039767,Address 681,15,4822,604,388
C0682,Customer 682,customer682@example.com,9987660936,Address 682,29,3645,3190,304
C0683,Customer 683,customer683@example.com,9936338530,Address 683,58,3187,857,18
C0684,Customer 684,customer684@example.com,9933341985,Address 684,73,8190,4137,96
C0685,Customer 685,customer685@example.com,9904479824,Address 685,39,9947,190,488
C0686,Customer 686,customer686@example.com,9967043163,Address 686,18,4122,2897,191
C0687,Customer 687,customer687@example.com,9947333648,Address 687,82,6490,2208,420
C0688,Customer 688,customer688@example.com,9974403666,Address 688,16,4850,3598,410
C0689,Customer 689,customer689@example.com,9961500192,Address 689,54,3528,1429,435
C0690,Customer 690,customer690@example.com,9996026596,Address 690,19,6473,4849,177
C0691,Customer 691,customer691@example.com,9971324687,Address 691,2,4220,2971,450
C0692,Customer 692,customer692@example.com,9985501385,Address 692,47,6348,3076,141
C0693,Customer 693,customer693@example.com,9992203783,Address 693,2,8021,3738,422
C0694,Customer 694,customer694@example.com,9979103020,Address 694,40,8103,1979,114
C0695,Customer 695,customer695@example.com,9931679799,Address 695,84,6498,1655,487
C0696,Customer 696,customer696@example.com,9923476013,Address 696,52,4867,1251,185
C0697,Customer 697,customer697@example.com,9901460924,Address 697,59,6350,237,178
C0698,Customer 698,customer698@example.com,9968952602,Address 698,49,1208,3138,417
C0699,Customer 699,customer699@example.com,9931276993,Address 699,28,6426,3407,323
C0700,Customer 700,customer700@example.com,9920183832,Address 700,33,5879,1353,471
C0701,Customer 701,customer701@example.com,9957328938,Address 701,80,8052,903,312
C0702,Customer 702,customer702@example.com,9999289409,Address 702,74,9663,4973,440
C0703,Customer 703,customer703@example.com,9967492604,Address 703,45,4091,4458,240
C0704,Customer 704,customer704@example.com,9936544818,Address 704,42,6559,1799,167
C0705,Customer 705,customer705@example.com,9941655558,Address 705,1,5895,2331,442
C0706,Customer 706,customer706@example.com,9953788896,Address 706,34,3713,3801,119
C0707,Customer 707,customer707@example.com,9977622078,Address 707,6,1499,1540,338
C0708,Customer 708,customer708@example.com,9923896925,Address 708,83,4910,2092,191
C0709,Customer 709,customer709@example.com,9924280882,Address 709,18,5661,4804,437
C0710,Customer 710,customer710@example.com,9943020700,Address 710,85,3133,1389,438
C0711,Customer 711,customer711@example.com,9936701677,Address 711,94,6469,1501,422
C0712,Customer 712,customer712@example.com,9979401470,Address 712,29,3371,2619,118
C0713,Customer 713,customer713@example.com,9923116567,Address 713,98,6531,3854,370
C0714,Customer 714,customer714@example.com,9907279563,Address 714,49,2298,3010,29
C0715,Customer 715,customer715@example.com,9936369537,Address 715,99,9748,3105,353
C0716,Customer 716,customer716@example.com,9912065734,Address 716,27,1232,2186,78
C0717,Customer 717,customer717@example.com,9922682147,Address 717,97,5850,1492,225
C0718,Customer 718,customer718@example.com,9937486304,Address 718,59,5283,3060,47
C0719,Customer 719,customer719@example.com,9975561810,Address 719,1,5539,1237,56
C0720,Customer 720,customer720@example.com,9940498640,Address 720,27,5596,2312,48
C0721,Customer 721,customer721@example.com,9968285522,Address 721,96,4514,2743,33
C0722,Customer 722,customer722@example.com,9991977259,Address 722,51,1601,4160,187
C0723,Customer 723,customer723@example.com,9975827902,Address 723,96,6657,4415,46
C0724,Customer 724,customer724@example.com,9987398587,Address 724,82,4452,3611,153
C0725,Customer 725,customer725@example.com,9979056615,Address 725,2,812,436,418
C0726,Customer 726,customer726@example.com,9978867332,Address 726,13,6453,1382,413
C0727,Customer 727,customer727@example.com,9962835501,Address 727,3,927,1864,257
C0728,Customer 728,customer728@example.com,9980685015,Address 728,22,1151,2793,342
C0729,Customer 729,customer729@example.com,9907411320,Address 729,84,1971,3033,383
C0730,Customer 730,customer730@example.com,9994315011,Address 730,72,8147,48,488
C0731,Customer 731,customer731@example.com,9923856371,Address 731,78,5933,4605,44
C0732,Customer 732,customer732@example.com,9942951908,Address 732,51,8389,847,198
C0733,Customer 733,customer733@example.com,9931927516,Address 733,88,7312,165,175
C0734,Customer 734,customer734@example.com,9934674369,Address 734,30,2661,2947,137
C0735,Customer 735,customer735@example.com,9981299491,Address 735,65,1844,1060,154
C0736,Customer 736,customer736@example.com,9983868227,Address 736,40,7005,3558,115
C0737,Customer 737,customer737@example.com,9927339808,Address 737,9,6596,1353,241
C0738,Customer 738,customer738@example.com,9985930132,Address 738,84,425,2114,146
C0739,Customer 739,customer739@example.com,9917585527,Address 739,48,2869,3688,323
C0740,Customer 740,customer740@example.com,9964295702,Address 740,47,221,3450,314
C0741,Customer 741,customer741@example.com,9923240130,Address 741,43,4023,4757,157
C0742,Customer 742,customer742@example.com,9964269319,Address 742,59,7430,124,410
C0743,Customer 743,customer743@example.com,9918939463,Address 743,26,4249,3286,429
C0744,Customer 744,customer744@example.com,9921497655,Address 744,80,3709,4854,228
C0745,Customer 745,customer745@example.com,9989697962,Address 745,56,427,2747,260
C0746,Customer 746,customer746@example.com,9938987928,Address 746,99,5179,1067,232
C0747,Customer 747,customer747@example.com,9944689127,Address 747,18,7361,3075,456
C0748,Customer 748,customer748@example.com,9907054124,Address 748,11,3603,4083,494
C0749,Customer 749,customer749@example.com,9926946964,Address 749,75,6317,3250,94
C0750,Customer 750,customer750@example.com,9967043380,Address 750,9,6285,1225,474
C0751,Customer 751,customer751@example.com,9901793318,Address 751,55,9687,4719,169
C0752,Customer 752,customer752@example.com,9988271695,Address 752,6,328,909,365
C0753,Customer 753,customer753@example.com,9932136453,Address 753,87,5922,4285,323
C0754,Customer 754,customer754@example.com,9902498092,Address 754,78,2327,2875,299
C0755,Customer 755,customer755@example.com,9965208459,Address 755,2,698,167,31
C0756,Customer 756,customer756@example.com,9956019887,Address 756,14,9881,4198,327
C0757,Customer 757,customer757@example.com,9939986769,Address 757,95,2089,4749,249
C0758,Customer 758,customer758@example.com,9935281949,Address 758,48,8050,4319,54
C0759,Customer 759,customer759@example.com,9993249333,Address 759,69,4720,2591,120
C0760,Customer 760,customer760@example.com,9943882164,Address 760,1,3106,4475,385
C0761,Customer 761,customer761@example.com,9939527747,Address 761,62,4120,1626,147
C0762,Customer 762,customer762@example.com,9969084556,Address 762,97,6065,2559,207
C0763,Customer 763,customer763@example.com,9905916634,Address 763,26,1130,817,263
C0764,Customer 764,customer764@example.com,9945828401,Address 764,13,9730,769,150
C0765,Customer 765,customer765@example.com,9961981871,Address 765,5,3492,4844,208
C0766,Customer 766,customer766@example.com,9994983045,Address 766,78,3468,3314,291
C0767,Customer 767,customer767@example.com,9976104950,Address 767,40,3588,581,428
C0768,Customer 768,customer768@example.com,9961273701,Address 768,7,9906,1360,144
C0769,Customer 769,customer769@example.com,9997739582,Address 769,9,3638,4237,329
C0770,Customer 770,customer770@example.com,9966550026,Address 770,10,4458,2487,392
C0771,Customer 771,customer771@example.com,9935691299,Address 771,69,2641,2733,372
C0772,Customer 772,customer772@example.com,9959211169,Address 772,70,6913,3078,416
C0773,Customer 773,customer773@example.com,9986060596,Address 773,66,5940,3317,215
C0774,Customer 774,customer774@example.com,9996417594,Address 774,9,7011,1295,194
C0775,Customer 775,customer775@example.com,9937026661,Address 775,97,2415,771,479
C0776,Customer 776,customer776@example.com,9947701729,Address 776,88,5777,1716,354
C0777,Customer 777,customer777@example.com,9920868886,Address 777,10,5283,338,450
C0778,Customer 778,customer778@example.com,9977488216,Address 778,84,6305,1188,61
C0779,Customer 779,customer779@example.com,9906483353,Address 779,37,3899,3338,209
C0780,Customer 780,customer780@example.com,9930921293,Address 780,97,3912,1304,47
C0781,Customer 781,customer781@example.com,9932503044,Address 781,50,8058,1445,28
C0782,Customer 782,customer782@example.com,9930017279,Address 782,73,3672,1850,25
C0783,Customer 783,customer783@example.com,9932117046,Address 783,44,7981,930,240
C0784,Customer 784,customer784@example.com,9929768934,Address 784,42,7516,2632,462
C0785,Customer 785,customer785@example.com,9999410609,Address 785,8,3381,4801,137
C0786,Customer 786,customer786@example.com,9948785450,Address 786,59,2491,1662,66
C0787,Customer 787,customer787@example.com,9930908294,Address 787,6,2527,1990,306
C0788,Customer 788,customer788@example.com,9922680830,Address 788,93,8166,1240,148
C0789,Customer 789,customer789@example.com,9963896062,Address 789,52,3431,3024,276
C0790,Customer 790,customer790@example.com,9979696444,Address 790,5,1410,1738,124
C0791,Customer 791,customer791@example.com,9921704172,Address 791,32,4242,4827,313
C0792,Customer 792,customer792@example.com,9918610461,Address 792,55,6722,1630,370
C0793,Customer 793,customer793@example.com,9936077458,Address 793,56,8062,4984,17
C0794,Customer 794,customer794@example.com,9970112223,Address 794,77,2262,1918,38
C0795,Customer 795,customer795@example.com,9908846050,Address 795,4,9119,4250,164
C0796,Customer 796,customer796@example.com,9922386983,Address 796,56,4111,1879,446
C0797,Customer 797,customer797@example.com,9965301727,Address 797,67,139,3623,436
C0798,Customer 798,customer798@example.com,9966127007,Address 798,76,9423,4701,109
C0799,Customer 799,customer799@example.com,9910876390,Address 799,5,7114,2549,89
C0800,Customer 800,customer800@example.com,9924743685,Address 800,96,2569,1445,151
C0801,Customer 801,customer801@example.com,9907595349,Address 801,49,3760,3071,70
C0802,Customer 802,customer802@example.com,9958325212,Address 802,36,3593,1740,196
C0803,Customer 803,customer803@example.com,9913257655,Address 803,29,5557,2059,294
C0804,Customer 804,customer804@example.com,9900153440,Address 804,54,1641,3760,199
C0805,Customer 805,customer805@example.com,9900102036,Address 805,37,3745,4977,160
C0806,Customer 806,customer806@example.com,9904820107,Address 806,26,4526,1702,488
C0807,Customer 807,customer807@example.com,9900695529,Address 807,15,257,3111,266
C0808,Customer 808,customer808@example.com,9952459869,Address 808,6,2118,2530,375
C0809,Customer 809,customer809@example.com,9989738270,Address 809,62,3325,762,272
C0810,Customer 810,customer810@example.com,9921944159,Address 810,54,5373,1017,22
C0811,Customer 811,customer811@example.com,9928517931,Address 811,6,224,3086,38
C0812,Customer 812,customer812@example.com,9902801313,Address 812,94,7556,4621,54
C0813,Customer 813,customer813@example.com,9939569244,Address 813,51,2523,3082,54
C0814,Customer 814,customer814@example.com,9945444864,Address 814,54,5408,3552,224
C0815,Customer 815,customer815@example.com,9996809351,Address 815,58,4916,1308,321
C0816,Customer 816,customer816@example.com,9974843530,Address 816,30,2171,1911,375
C0817,Customer 817,customer817@example.com,9905963378,Address 817,16,4582,1020,164
C0818,Customer 818,customer818@example.com,9910602962,Address 818,29,2158,592,46
C0819,Customer 819,customer819@example.com,9971512462,Address 819,46,9833,1336,349
C0820,Customer 820,customer820@example.com,9929253949,Address 820,82,4554,2866,56
C0821,Customer 821,customer821@example.com,9985934572,Address 821,99,7744,44,364
C0822,Customer 822,customer822@example.com,9979496330,Address 822,78,5120,1685,173
C0823,Customer 823,customer823@example.com,9914522506,Address 823,67,2845,3093,428
C0824,Customer 824,customer824@example.com,9956121106,Address 824,72,2304,3626,440
C0825,Customer 825,customer825@example.com,9986500604,Address 825,6,4807,4145,345
C0826,Customer 826,customer826@example.com,9975196735,Address 826,33,9053,2574,325
C0827,Customer 827,customer827@example.com,9950895806,Address 827,29,4016,2367,355
C0828,Customer 828,customer828@example.com,9937577117,Address 828,50,7690,1424,440
C0829,Customer 829,customer829@example.com,9971413811,Address 829,52,5232,90,320
C0830,Customer 830,customer830@example.com,9965184392,Address 830,19,6649,513,103
C0831,Customer 831,customer831@example.com,9909262476,Address 831,81,1528,2749,326
C0832,Customer 832,customer832@example.com,9917065929,Address 832,58,5877,1706,355
C0833,Customer 833,customer833@example.com,9965134322,Address 833,54,5679,4216,64
C0834,Customer 834,customer834@example.com,9960058439,Address 834,70,8661,2035,261
C0835,Customer 835,customer835@example.com,9965449918,Address 835,9,5962,2937,286
C0836,Customer 836,customer836@example.com,9914509640,Address 836,83,6954,2368,490
C0837,Customer 837,customer837@example.com,9985135264,Address 837,83,4845,4800,493
C0838,Customer 838,customer838@example.com,9962669071,Address 838,58,235,1827,19
C0839,Customer 839,customer839@example.com,9928582489,Address 839,17,2827,1995,30
C0840,Customer 840,customer840@example.com,9927864648,Address 840,48,6129,1254,372
C0841,Customer 841,customer841@example.com,9953593559,Address 841,99,5182,4804,460
C0842,Customer 842,customer842@example.com,9992213905,Address 842,30,5906,832,132
C0843,Customer 843,customer843@example.com,9949808870,Address 843,33,6711,44,445
C0844,Customer 844,customer844@example.com,9928288228,Address 844,43,3313,2279,421
C0845,Customer 845,customer845@example.com,9987991703,Address 845,89,3138,690,410
C0846,Customer 846,customer846@example.com,9943308520,Address 846,95,1012,2770,159
C0847,Customer 847,customer847@example.com,9965803525,Address 847,41,9184,3809,484
C0848,Customer 848,customer848@example.com,9906406867,Address 848,25,8243,4536,316
C0849,Customer 849,customer849@example.com,9999971846,Address 849,28,4961,4509,57
C0850,Customer 850,customer850@example.com,9915361049,Address 850,54,6662,1817,17
C0851,Customer 851,customer851@example.com,9959426713,Address 851,89,9725,4629,102
C0852,Customer 852,customer852@example.com,9989757054,Address 852,59,1452,200,453
C0853,Customer 853,customer853@example.com,9916657560,Address 853,46,3900,4925,478
C0854,Customer 854,customer854@example.com,9997897300,Address 854,15,9155,2271,372
C0855,Customer 855,customer855@example.com,9933325420,Address 855,65,1820,2258,306
C0856,Customer 856,customer856@example.com,9954358120,Address 856,83,5013,1978,20
C0857,Customer 857,customer857@example.com,9929103256,Address 857,93,2252,108,246
C0858,Customer 858,customer858@example.com,9949906702,Address 858,5,7147,2186,391
C0859,Customer 859,customer859@example.com,9990203173,Address 859,2,1380,2633,338
C0860,Customer 860,customer860@example.com,9937968802,Address 860,98,2406,843,275
C0861,Customer 861,customer861@example.com,9949241114,Address 861,7,9416,2462,493
C0862,Customer 862,customer862@example.com,9989073487,Address 862,5,9582,850,384
C0863,Customer 863,customer863@example.com,9995471023,Address 863,10,8056,4678,347
C0864,Customer 864,customer864@example.com,9980158200,Address 864,60,9334,2760,343
C0865,Customer 865,customer865@example.com,9916381349,Address 865,34,1050,4189,374
C0866,Customer 866,customer866@example.com,9988810525,Address 866,17,4342,2475,378
C0867,Customer 867,customer867@example.com,9989295523,Address 867,45,3737,1879,297
C0868,Customer 868,customer868@example.com,9907296137,Address 868,83,7760,2618,350
C0869,Customer 869,customer869@example.com,9992492525,Address 869,45,8003,770,113
C0870,Customer 870,customer870@example.com,9954610596,Address 870,27,5993,4255,408
C0871,Customer 871,customer871@example.com,9924661756,Address 871,25,9059,4483,443
C0872,Customer 872,customer872@example.com,9918633496,Address 872,57,7062,4083,37
C0873,Customer 873,customer873@example.com,9991602382,Address 873,79,8185,3647,247
C0874,Customer 874,customer874@example.com,9982354128,Address 874,11,1729,4453,37
C0875,Customer 875,customer875@example.com,9932474689,Address 875,64,9437,3869,265
C0876,Customer 876,customer876@example.com,9919246346,Address 876,45,6870,2220,363
C0877,Customer 877,customer877@example.com,9959244019,Address 877,66,262,4567,246
C0878,Customer 878,customer878@example.com,9963290498,Address 878,55,6167,4110,78
C0879,Customer 879,customer879@example.com,9978791276,Address 879,4,5566,3700,461
C0880,Customer 880,customer880@example.com,9922229398,Address 880,55,787,3955,169
C0881,Customer 881,customer881@example.com,9918105693,Address 881,66,7920,4731,90
C0882,Customer 882,customer882@example.com,9928740253,Address 882,79,5640,3706,151
C0883,Customer 883,customer883@example.com,9921093840,Address 883,8,6488,4866,456
C0884,Customer 884,customer884@example.com,9998933105,Address 884,40,7432,2963,456
C0885,Customer 885,customer885@example.com,9941771804,Address 885,58,2281,2466,472
C0886,Customer 886,customer886@example.com,9925223871,Address 886,76,9701,176,118
C0887,Customer 887,customer887@example.com,9913225662,Address 887,2,4302,435,471
C0888,Customer 888,customer888@example.com,9928596537,Address 888,68,2900,2164,204
C0889,Customer 889,customer889@example.com,9944404609,Address 889,44,8291,4245,55
C0890,Customer 890,customer890@example.com,9953220871,Address 890,45,1573,3898,102
C0891,Customer 891,customer891@example.com,9970873954,Address 891,77,1227,3109,62
C0892,Customer 892,customer892@example.com,9991780625,Address 892,33,6764,1857,327
C0893,Customer 893,customer893@example.com,9914387715,Address 893,89,2602,109,284
C0894,Customer 894,customer894@example.com,9904469806,Address 894,85,1287,1794,316
C0895,Customer 895,customer895@example.com,9948841934,Address 895,25,5033,27,465
C0896,Customer 896,customer896@example.com,9952857858,Address 896,90,3654,1070,53
C0897,Customer 897,customer897@example.com,9964031649,Address 897,73,7031,4828,360
C0898,Customer 898,customer898@example.com,9924698565,Address 898,86,4375,1818,15
C0899,Customer 899,customer899@example.com,9968281452,Address 899,18,3908,1180,97
C0900,Customer 900,customer900@example.com,9902499731,Address 900,31,3392,1260,205
C0901,Customer 901,customer901@example.com,9983086693,Address 901,99,4686,4197,272
C0902,Customer 902,customer902@example.com,9989929578,Address 902,38,477,3089,106
C0903,Customer 903,customer903@example.com,9917728117,Address 903,81,5996,4565,303
C0904,Customer 904,customer904@example.com,9985831117,Address 904,2,9468,2235,451
C0905,Customer 905,customer905@example.com,9986790150,Address 905,51,8502,4214,220
C0906,Customer 906,customer906@example.com,9911340443,Address 906,48,6825,301,289
C0907,Customer 907,customer907@example.com,9998249022,Address 907,51,9835,4882,112
C0908,Customer 908,customer908@example.com,9982384128,Address 908,20,4723,4145,359
C0909,Customer 909,customer909@example.com,9945785797,Address 909,48,9854,1248,66
C0910,Customer 910,customer910@example.com,9925419102,Address 910,71,2833,3641,249
C0911,Customer 911,customer911@example.com,9984434365,Address 911,26,4288,107,396
C0912,Customer 912,customer912@example.com,9992675706,Address 912,93,7934,2238,51
C0913,Customer 913,customer913@example.com,9955487878,Address 913,78,3654,2218,101
C0914,Customer 914,customer914@example.com,9957402447,Address 914,34,5930,3877,469
C0915,Customer 915,customer915@example.com,9963636781,Address 915,57,7264,4460,413
C0916,Customer 916,customer916@example.com,9950402713,Address 916,41,1140,4995,489
C0917,Customer 917,customer917@example.com,9911624476,Address 917,67,2148,3664,192
C0918,Customer 918,customer918@example.com,9908538109,Address 918,79,129,2104,220
C0919,Customer 919,customer919@example.com,9920656188,Address 919,51,9553,3322,464
C0920,Customer 920,customer920@example.com,9998648873,Address 920,57,8865,4196,281
C0921,Customer 921,customer921@example.com,9939636448,Address 921,23,2531,3466,87
C0922,Customer 922,customer922@example.com,9914324682,Address 922,79,9250,3345,192
C0923,Customer 923,customer923@example.com,9954097505,Address 923,44,769,1437,61
C0924,Customer 924,customer924@example.com,9939391126,Address 924,75,5673,2205,125
C0925,Customer 925,customer925@example.com,9934325597,Address 925,56,2900,1139,377
C0926,Customer 926,customer926@example.com,9904455281,Address 926,50,7032,4535,134
C0927,Customer 927,customer927@example.com,9968321456,Address 927,8,1439,4530,439
C0928,Customer 928,customer928@example.com,9930672693,Address 928,31,7917,4782,233
C0929,Customer 929,customer929@example.com,9995789034,Address 929,38,7305,1111,355
C0930,Customer 930,customer930@example.com,9996145254,Address 930,10,3615,876,373
C0931,Customer 931,customer931@example.com,9992908804,Address 931,6,433,3269,56
C0932,Customer 932,customer932@example.com,9990203546,Address 932,86,1404,3968,124
C0933,Customer 933,customer933@example.com,9947878542,Address 933,70,5319,2787,392
C0934,Customer 934,customer934@example.com,9956868356,Address 934,66,1316,2090,34
C0935,Customer 935,customer935@example.com,9938597652,Address 935,33,1648,3158,69
C0936,Customer 936,customer936@example.com,9946617664,Address 936,83,538,1945,200
C0937,Customer 937,customer937@example.com,9905462518,Address 937,26,4895,1727,433
C0938,Customer 938,customer938@example.com,9981630392,Address 938,13,7735,1430,96
C0939,Customer 939,customer939@example.com,9906077041,Address 939,20,4001,1770,144
C0940,Customer 940,customer940@example.com,9919780044,Address 940,89,6200,288,446
C0941,Customer 941,customer941@example.com,9931365197,Address 941,19,7225,855,333
C0942,Customer 942,customer942@example.com,9989073607,Address 942,34,5471,2368,193
C0943,Customer 943,customer943@example.com,9936378740,Address 943,1,5641,1724,473
C0944,Customer 944,customer944@example.com,9939106701,Address 944,32,7699,1592,129
C0945,Customer 945,customer945@example.com,9952595385,Address 945,45,2607,67,385
C0946,Customer 946,customer946@example.com,9987980437,Address 946,4,1476,4186,414
C0947,Customer 947,customer947@example.com,9957490734,Address 947,3,8674,4468,216
C0948,Customer 948,customer948@example.com,9998006488,Address 948,62,1214,3193,300
C0949,Customer 949,customer949@example.com,9916276020,Address 949,15,6694,3404,292
C0950,Customer 950,customer950@example.com,9975219557,Address 950,43,6201,3663,308
C0951,Customer 951,customer951@example.com,9965796006,Address 951,70,2925,3834,494
C0952,Customer 952,customer952@example.com,9951111558,Address 952,22,9162,3530,301
C0953,Customer 953,customer953@example.com,9928335010,Address 953,29,1134,810,244
C0954,Customer 954,customer954@example.com,9980929449,Address 954,75,9258,816,28
C0955,Customer 955,customer955@example.com,9998001289,Address 955,24,9897,1169,301
C0956,Customer 956,customer956@example.com,9910985932,Address 956,60,430,2423,189
C0957,Customer 957,customer957@example.com,9938660877,Address 957,30,2158,1622,152
C0958,Customer 958,customer958@example.com,9908761151,Address 958,52,2801,4577,75
C0959,Customer 959,customer959@example.com,9911203667,Address 959,75,7157,591,178
C0960,Customer 960,customer960@example.com,9960673364,Address 960,88,9672,2312,149
C0961,Customer 961,customer961@example.com,9980246738,Address 961,11,9065,4541,344
C0962,Customer 962,customer962@example.com,9958457639,Address 962,78,1221,1159,346
C0963,Customer 963,customer963@example.com,9977843500,Address 963,38,8819,2308,144
C0964,Customer 964,customer964@example.com,9997480043,Address 964,12,6060,4363,227
C0965,Customer 965,customer965@example.com,9958419505,Address 965,2,8297,49,131
C0966,Customer 966,customer966@example.com,9921227554,Address 966,92,3498,2265,388
C0967,Customer 967,customer967@example.com,9952575806,Address 967,39,9717,2792,211
C0968,Customer 968,customer968@example.com,9955419616,Address 968,24,4391,758,69
C0969,Customer 969,customer969@example.com,9968716775,Address 969,4,3462,4992,412
C0970,Customer 970,customer970@example.com,9949117128,Address 970,65,5946,3438,110
C0971,Customer 971,customer971@example.com,9943876953,Address 971,36,1804,42,474
C0972,Customer 972,customer972@example.com,9959858607,Address 972,28,6329,2663,173
C0973,Customer 973,customer973@example.com,9945692015,Address 973,57,5951,3194,480
C0974,Customer 974,customer974@example.com,9929172546,Address 974,17,7598,4427,142
C0975,Customer 975,customer975@example.com,9955023629,Address 975,14,6402,4207,146
C0976,Customer 976,customer976@example.com,9944622991,Address 976,30,6245,3355,144
C0977,Customer 977,customer977@example.com,9995583286,Address 977,91,490,602,186
C0978,Customer 978,customer978@example.com,9997039254,Address 978,83,2898,3514,135
C0979,Customer 979,customer979@example.com,9917416855,Address 979,53,7980,3664,455
C0980,Customer 980,customer980@example.com,9901783811,Address 980,89,6904,1517,415
C0981,Customer 981,customer981@example.com,9990798045,Address 981,3,6078,1558,306
C0982,Customer 982,customer982@example.com,9976673298,Address 982,88,6472,2515,12
C0983,Customer 983,customer983@example.com,9916885153,Address 983,64,3615,3390,283
C0984,Customer 984,customer984@example.com,9910070598,Address 984,74,5760,2480,327
C0985,Customer 985,customer985@example.com,9946413444,Address 985,66,4675,4451,229
C0986,Customer 986,customer986@example.com,9936095440,Address 986,33,7283,1773,21
C0987,Customer 987,customer987@example.com,9962731649,Address 987,10,5537,2609,99
C0988,Customer 988,customer988@example.com,9981120257,Address 988,92,987,1459,44
C0989,Customer 989,customer989@example.com,9939848423,Address 989,54,679,4479,494
C0990,Customer 990,customer990@example.com,9987042355,Address 990,99,4997,3786,210
C0991,Customer 991,customer991@example.com,9933825639,Address 991,34,9051,3925,68
C0992,Customer 992,customer992@example.com,9964331739,Address 992,10,175,69,193
C0993,Customer 993,customer993@example.com,9962234817,Address 993,93,6590,4277,254
C0994,Customer 994,customer994@example.com,9943951731,Address 994,7,8581,2391,342
C0995,Customer 995,customer995@example.com,9969447444,Address 995,88,4751,3269,498
C0996,Customer 996,customer996@example.com,9975881296,Address 996,76,5242,1186,339
C0997,Customer 997,customer997@example.com,9989819809,Address 997,58,5148,3377,317
C0998,Customer 998,customer998@example.com,9988046347,Address 998,42,691,2355,382
C0999,Customer 999,customer999@example.com,9920169224,Address 999,84,6855,3922,263
C1000,Customer 1000,customer1000@example.com,9984562833,Address 1000,52,6652,1360,352
